Topic Title,Author,Date,Comments,Category
How I made my bedside table,Dummy Data,19/06/2005,412,Indoors
Instructions: 4x4 tree house with ladder,Mark Johnson,20/04/2006,9999,Outdoors
My 4yr old just showed me how to make a chatterbox,Fiona Green,30/07/2005,6,Kids
anyone know how to make a forum?,Julliane Smith,10/05/2017,44,Networking
HELP! How do I fix dripping tap?,Richard Rogers,08/10/2014,99,Household
Starting a microbrewry,Harry Plovalka,09/09/2009,32,Hobbies
my favourite fruit juice recipes ,Raymond Newman,12/12/2012,44,Food and Drink
My son made me a small box!,Jerry Seinfeld,11/11/2011,89,Kids
How to make necklaces,Wonda Harris,14/05/2011,62,Hobbies
bracelet craft guide,Ben Brown,04/08/2017,1,Hobbies